,Pat,Month,Res Mut Precentage,Mut,Codon
V1,1,1.9,20.3,K103N,AAC
V2,1,6.1,12.6,K103N,AAC
V3,1,14.1,1.4,K103N,AAC
V4,1,1.9,3.6,K103N,AAT
V5,1,6.1,0.9,K103N,AAT
V6,1,14.1,0.04,K103N,AAT
V7,1,1.9,1.6,Y181C,TGT
V8,1,6.1,0.4,Y181C,TGT
V9,1,14.1,0.2,Y181C,TGT
V10,2,1.5,33.3,K103N,AAC
V11,2,6,14.3,K103N,AAC
V12,2,12,1.9,K103N,AAC
V13,2,1.5,3.2,K103N,AAT
V14,2,6,11.9,K103N,AAT
V15,2,12,6,K103N,AAT
V16,2,1.5,7.6,Y181C,TGT
V17,2,6,0.2,Y181C,TGT
V18,2,12,0.06,Y181C,TGT
V19,3,2.8,20,K103N,AAC
V20,3,7.3,14.2,K103N,AAC
V21,3,13.3,4.6,K103N,AAC
V22,3,2.8,38.2,K103N,AAT
V23,3,7.3,3.8,K103N,AAT
V24,3,13.3,0.004,K103N,AAT
V25,3,2.8,1.3,Y181C,TGT
V26,3,7.3,0.009,Y181C,TGT
V27,3,13.3,0.009,Y181C,TGT
V28,4,3.1,11.5,K103N,AAC
V29,4,6.7,1.6,K103N,AAC
V30,4,12.2,0.01,K103N,AAC
V31,4,3.1,4.2,K103N,AAT
V32,4,6.7,0.78,K103N,AAT
V33,4,12.2,0.002,K103N,AAT
V34,4,3.1,0.3,Y181C,TGT
V35,4,6.7,0.05,Y181C,TGT
V36,4,12.2,0.1,Y181C,TGT
V37,5,1.6,47.4,K103N,AAC
V38,5,5.6,17.9,K103N,AAC
V39,5,12.1,15.9,K103N,AAC
V40,5,1.6,35.1,K103N,AAT
V41,5,5.6,10.1,K103N,AAT
V42,5,12.1,0.1,K103N,AAT
V43,5,1.6,16.4,Y181C,TGT
V44,5,5.6,0.4,Y181C,TGT
V45,5,12.1,0.05,Y181C,TGT
V46,6,3.1,36.1,K103N,AAC
V47,6,5,10.4,K103N,AAC
V48,6,12.1,8.2,K103N,AAC
V49,6,3.1,25,K103N,AAT
V50,6,5,9.2,K103N,AAT
V51,6,12.1,0.1,K103N,AAT
V52,6,3.1,1.1,Y181C,TGT
V53,6,5,0.05,Y181C,TGT
V54,6,12.1,0.1,Y181C,TGT
